,message_count,ETH_close,BTC_close,tx_frequency,tx_amount,avg_sentiment
message_count,1.0,0.06980972280854827,0.073902977603429,0.01594141469533188,-0.0038249537833742876,0.058809870517111326
ETH_close,0.06980972280854827,1.0,0.8118487950667808,0.13578245993389165,-0.0008903453895493816,0.02255132133426522
BTC_close,0.073902977603429,0.8118487950667808,1.0,0.0830848963305876,0.00033742478697833435,0.04538864383636611
tx_frequency,0.01594141469533188,0.13578245993389165,0.0830848963305876,1.0,0.028693451492022726,0.008454678545552317
tx_amount,-0.0038249537833742876,-0.0008903453895493816,0.00033742478697833435,0.028693451492022726,1.0,-0.0014859688923655886
avg_sentiment,0.058809870517111326,0.02255132133426522,0.04538864383636611,0.008454678545552317,-0.0014859688923655886,1.0
